﻿CHARC,VALUE,VALUE_TEXT,VALUE,VALUE_TEXT
The data in A and B is not the same
CHILLER_RLA_4,532,,531,
CHILLER_RLA_3,605,,603,
CHILLER_RLA_2,664,,662,
INPUT_KW_10,143,,142.8,
MOTOR_RLA_6,550,,549.6,
HEAT_REJECTION_4,2290,,2289,
INPUT_KW_PER_TON_4,0.596,,0.595,
MOTOR_RLA_2,827,,826.0,
MOTOR_RLA_3,756,,754.9,
MOTOR_RLA_7,499,,498.9,
MOTOR_RLA_4,675,,674.4,
MOTOR_RLA_5,608,,607.3,
MOTOR_RLA_8,442,,442.1,
MOTOR_RLA_9,395,,394.6,
INPUT_KW_7,236,,235.4,
CONTROL_TYPE,S,S,A,PIC5
INPUT_KW_4,334,,333.0,
COMP_DISCH_SUPERHEAT_6,-5.66,,-5.71,
COMPR_FRAME,add_TBD,,E,
CHILL_INRUSH_AMPS,724,,721,
HEAT_REJECTION_7,1351,,1350,
HEAT_REJECTION,3261,,3259,
HEAT_REJECTION_3,2619,,2618,
COMPR_FLOW_FRACTION_2,0.704,,0.703,
COMPR_FLOW_FRACTION_3,0.629,,0.628,
INPUT_KW_3,383,,382.2,
COMP_DISCH_SUPERHEAT_9,9.61,,9.60,
COND_NOZZLE_CODE,R,R - 2 Passes, Nozzles on Drive End,R,Nozzles on Drive End
CONDUIT_LOCATION,add_TBD,,D,Entry Top / Exit: Bottom
COMP_DISCH_SUPERHEAT_2,-8.94,,-9.05,
CONDENSER_REFRIGERANT_TEMP,95.93,,95.92,
INPUT_KW_PER_TON_8,0.828,,0.827,
COMP_DISCH_SUPERHEAT_7,-2.66,,-2.69,
COMPR_HEAD_FRACTION_2,0.82,,0.81,
INPUT_KW,466.0,,464.4,
COND_WB_PRESS,150,,150,Psi
MOTOR_RLA,892.6,,890.9,
INPUT_KW_PER_TON,0.583,,0.581,
INPUT_KW_8,199,,198.5,
CHILLER_RLA,724,,721,
HEAT_REJECTION_2,2941,,2940,
CONDENSING_TEMP,35.52,,35.51,
INPUT_KW_2,426,,424.6,
COP,6.036,,6.058,
COMP_DISCH_SUPERHEAT_3,-8.48,,-8.57,
CONDENSER_LWT,34.60,,34.59,
INPUT_KW_PER_TON_2,0.592,,0.590,
COMP_DISCH_TEMP_6,45.07,,45.02,
COMP_DISCH_SUPERHEAT_5,-7.32,,-7.39,
COOL_WB_PRESS,150,,150,Psi
CONDENSING_TEMP_4,34.36,,34.35,
MOTOR_RLA_10,354,,353.9,
CONDENSING_TEMP_3,35.12,,35.11,
CONDENSING_TEMP_2,35.31,,35.30,
COMP_DISCH_TEMP_9,58.41,,58.40,
COMP_DISCH_TEMP_8,50.52,,50.50,
COMP_DISCH_TEMP_3,44.42,,44.32,
COMP_DISCH_TEMP_2,44.15,,44.03,
COMP_DISCH_TEMP_7,47.45,,47.41,
CHILLER_MODULE,add_TBD,,19XR,
COMP_DISCH_SUPERHEAT,-9.36,,-9.49,
COMP_DISCH_SUPERHEAT_10,35.81,,35.80,
COMP_DISCH_TEMP_5,44.09,,44.03,
INPUT_KW_6,258,,257.8,
COMP_DISCH_TEMP_10,83.98,,83.97,
COP_9,3.341,,3.342,
ENVELOPE_STABILITY_CONTROL,add_TBD,,1,Not Installed
MOTOR_OLTA,964,,962,
INPUT_KW_PER_TON_3,0.599,,0.597,
COMP_DISCH_SUPERHEAT_4,-8.21,,-8.28,
COMP_DISCH_TEMP_4,43.92,,43.85,
FRAME_LENGTH,add_TBD,,13.71,
COMP_DISCH_SUPERHEAT_8,1.08,,1.06,
INPUT_KW_PER_TON_9,1.053,,1.052,
COOL_NOZZLE_CODE,D,D - 2 Passes, Nozzles on Compressor End,D,Nozzles on Compressor End
MOTOR_RATED_LOAD_KW,452,,450,
INPUT_KW_5,293,,292.4,
CONDENSER_LWT_2,34.63,,34.62,
OPERATION_TYPE,add_TBD,,Cooling,
COP_8,4.250,,4.252,
COP_3,5.873,,5.888,
COP_2,5.942,,5.962,
COP_5,5.762,,5.772,
COP_4,5.901,,5.913,
COP_7,4.776,,4.781,
COP_6,5.449,,5.457,
INPUT_KW_9,168,,168.3,
PARAM_DTSMAX,65.45,,65.28,
ECAT_VERSION,4.95 Beta 8_R190,,4.96,
MIN_CIRCUIT_AMPACITY,904,,901,
INPUT_KW_PER_TON_5,0.610,,0.609,
COMP_DISCH_TEMP,43.93,,43.80,
FLASC_TEMP_2,32.63,,32.61,
There is no file1 in file2
COOL_REYNOLD_NUM_2,0,
COND_REYNOLD_NUM_6,0,
CAPACITOR_SIZE,add_TBD,
ARI_TEST_TOLERANCE_6,0.00,
MOTOR_INRUSH_AMPS_2,0,
COOL_REYNOLD_NUM_3,0,
COND_REYNOLD_NUM_7,0,
ARI_TEST_TOLERANCE_8,0.00,
ARI_TEST_TOLERANCE_5,0.00,
ISOL,add_TBD,
COND_REYNOLD_NUM_3,0,
COND_REYNOLD_NUM_4,0,
COND_REYNOLD_NUM_9,0,
COND_REYNOLD_NUM_10,0,
ARI_TEST_TOLERANCE_4,0.00,
MOTOR_INRUSH_AMPS_10,0,
SENSOR_PKG,0,
COOL_REYNOLD_NUM_4,0,
MOTOR_INRUSH_AMPS_3,0,
SACR,add_TBD,
COOL_REYNOLD_NUM_8,0,
COND_REYNOLD_NUM_8,0,
DIST,add_TBD,
STARTER_OPTION,add_TBD,
COOL_REYNOLD_NUM_5,0,
MOTOR_INRUSH_AMPS_8,0,
FLSW,add_TBD,
STARTING_EQUIPMENT,E,VFD - Unit Mounted (STD Tier)
MOTOR_INRUSH_AMPS_4,0,
MOTOR_INRUSH_AMPS_5,0,
MOTOR_INRUSH_AMPS_6,0,
MOTOR_INRUSH_AMPS_7,0,
MOTOR_INRUSH_AMPS_9,0,
COOL_REYNOLD_NUM_7,0,
AGLT,add_TBD,
COOL_REYNOLD_NUM_9,0,
FACTORY_TEST,N,
WASH,add_TBD,
ARI_TEST_TOLERANCE_3,0.00,
STARTER,add_TBD,
COND_REYNOLD_NUM_2,0,
COOL_REYNOLD_NUM_10,0,
ARI_TEST_TOLERANCE_9,0.00,
COOL_REYNOLD_NUM_6,0,
ARI_TEST_TOLERANCE_7,0.00,
ARI_TEST_TOLERANCE_10,0.00,
ARI_TEST_TOLERANCE_2,0.00,
COND_REYNOLD_NUM_5,0,
DLSR,add_TBD,
There is no file2 in file1
ECONOMIZER,1,
