﻿CHARC,VALUE,VALUE_TEXT,VALUE,VALUE_TEXT
The data in A and B is not the same
INPUT_KW_10,84,,84.0,
MOTOR_RLA_6,328,,327.9,
MOTOR_RLA_2,525,,525.3,
MOTOR_RLA_3,467,,467.2,
MOTOR_RLA_7,291,,291.4,
MOTOR_RLA_4,415,,414.8,
MOTOR_RLA_5,370,,370.5,
MOTOR_RLA_8,258,,258.4,
MOTOR_RLA_9,228,,228.4,
INPUT_KW_7,124,,123.8,
CONTROL_TYPE,S,S,A,PIC5
INPUT_KW_4,194,,193.6,
COMPR_FRAME,add_TBD,,C,
INPUT_KW_3,225,,225.3,
COND_NOZZLE_CODE,R,R - 2 Passes, Nozzles on Drive End,R,Nozzles on Drive End
CONDUIT_LOCATION,add_TBD,,D,Entry Top / Exit: Bottom
COND_WB_PRESS,150,,150,Psi
INPUT_KW_8,102,,102.2,
INPUT_KW_2,261,,260.6,
COOL_WB_PRESS,150,,150,Psi
MOTOR_RLA_10,231,,230.6,
CHILLER_MODULE,add_TBD,,19XR,
INPUT_KW_6,142,,141.6,
ENVELOPE_STABILITY_CONTROL,add_TBD,,1,Not Installed
FRAME_LENGTH,add_TBD,,12,
COOL_NOZZLE_CODE,C,C - 2 Passes, Nozzles on Drive End,C,Nozzles on Drive End
INPUT_KW_5,167,,167.0,
OPERATION_TYPE,add_TBD,,Cooling,
INPUT_KW_9,83,,83.4,
ECAT_VERSION,4.95 Beta 8_R190,,4.96,
There is no file1 in file2
COOL_REYNOLD_NUM_2,0,
COND_REYNOLD_NUM_6,0,
CAPACITOR_SIZE,add_TBD,
ARI_TEST_TOLERANCE_6,0.00,
MOTOR_INRUSH_AMPS_2,0,
COOL_REYNOLD_NUM_3,0,
COND_REYNOLD_NUM_7,0,
ARI_TEST_TOLERANCE_8,0.00,
ARI_TEST_TOLERANCE_5,0.00,
ISOL,add_TBD,
COND_REYNOLD_NUM_3,0,
COND_REYNOLD_NUM_4,0,
COND_REYNOLD_NUM_9,0,
COND_REYNOLD_NUM_10,0,
ARI_TEST_TOLERANCE_4,0.00,
MOTOR_INRUSH_AMPS_10,0,
SENSOR_PKG,0,
COOL_REYNOLD_NUM_4,0,
MOTOR_INRUSH_AMPS_3,0,
SACR,add_TBD,
COOL_REYNOLD_NUM_8,0,
COND_REYNOLD_NUM_8,0,
DIST,add_TBD,
STARTER_OPTION,add_TBD,
COOL_REYNOLD_NUM_5,0,
MOTOR_INRUSH_AMPS_8,0,
FLSW,add_TBD,
STARTING_EQUIPMENT,F,VFD - Unit Mounted (Active Rectifier)
MOTOR_INRUSH_AMPS_4,0,
MOTOR_INRUSH_AMPS_5,0,
MOTOR_INRUSH_AMPS_6,0,
MOTOR_INRUSH_AMPS_7,0,
MOTOR_INRUSH_AMPS_9,0,
COOL_REYNOLD_NUM_7,0,
AGLT,add_TBD,
COOL_REYNOLD_NUM_9,0,
FACTORY_TEST,N,
WASH,add_TBD,
ARI_TEST_TOLERANCE_3,0.00,
STARTER,add_TBD,
COND_REYNOLD_NUM_2,0,
COOL_REYNOLD_NUM_10,0,
ARI_TEST_TOLERANCE_9,0.00,
COOL_REYNOLD_NUM_6,0,
ARI_TEST_TOLERANCE_7,0.00,
ARI_TEST_TOLERANCE_10,0.00,
ARI_TEST_TOLERANCE_2,0.00,
COND_REYNOLD_NUM_5,0,
DLSR,add_TBD,
There is no file2 in file1
ECONOMIZER,1,
GEAR_CODE,EC,
