﻿CHARC,VALUE,VALUE_TEXT,VALUE,VALUE_TEXT
The data in A and B is not the same
OPERATION_TYPE,add_TBD,,Cooling,
COOL_NOZZLE_CODE,C,C - 2 Passes, Nozzles on Drive End,C,Nozzles on Drive End
COMPR_FRAME,add_TBD,,3,
INPUT_KW_5,137,,137.1,
ECAT_VERSION,4.95 Beta 8_R190,,4.96,
COOL_WB_PRESS,150,,150,Psi
INPUT_KW_4,148,,148.2,
MOTOR_RLA_6,241,,240.6,
COND_NOZZLE_CODE,R,R - 2 Passes, Nozzles on Drive End,R,Nozzles on Drive End
INPUT_KW_2,178,,177.5,
CHILLER_MODULE,add_TBD,,19XR3_IMP,
COND_WB_PRESS,150,,150,Psi
MOTOR_RLA_2,310,,309.6,
FRAME_LENGTH,add_TBD,,12,
MOTOR_RLA_4,267,,266.8,
MOTOR_RLA_5,252,,252.3,
CONTROL_TYPE,S,S,A,PIC5
MOTOR_RLA_3,284,,283.6,
INPUT_KW_3,160,,160.4,
INPUT_KW_6,128,,128.1,
ENVELOPE_STABILITY_CONTROL,add_TBD,,1,Not Installed
CONDUIT_LOCATION,add_TBD,,D,Entry Top / Exit: Bottom
There is no file1 in file2
STARTER_TYPE,A,
COOL_REYNOLD_NUM_2,0,
MOTOR_INRUSH_AMPS_2,0,
MOTOR_INRUSH_AMPS_3,0,
MOTOR_INRUSH_AMPS_4,0,
MOTOR_INRUSH_AMPS_5,0,
AGLT,add_TBD,
COND_REYNOLD_NUM_4,0,
MOTOR_INRUSH_AMPS_6,0,
ARI_TEST_TOLERANCE_5,0.00,
DIST,add_TBD,
COND_REYNOLD_NUM_2,0,
COND_REYNOLD_NUM_5,0,
ARI_TEST_TOLERANCE_6,0.00,
SACR,add_TBD,
ARI_TEST_TOLERANCE_3,0.00,
SENSOR_PKG,0,
FLSW,add_TBD,
COND_REYNOLD_NUM_3,0,
ARI_TEST_TOLERANCE_4,0.00,
CAPACITOR_SIZE,add_TBD,
STARTING_EQUIPMENT,A,Starter - Freestanding
COND_REYNOLD_NUM_6,0,
ARI_TEST_TOLERANCE_2,0.00,
WASH,add_TBD,
FACTORY_TEST,N,
ISOL,add_TBD,
COOL_REYNOLD_NUM_5,0,
COOL_REYNOLD_NUM_6,0,
DLSR,add_TBD,
STARTER_OPTION,add_TBD,
COOL_REYNOLD_NUM_3,0,
COOL_REYNOLD_NUM_4,0,
STARTER,add_TBD,
There is no file2 in file1
ECONOMIZER,0,
