﻿CHARC,VALUE,VALUE_TEXT,VALUE,VALUE_TEXT
The data in A and B is not the same
COOL_WALL_THICK,A,0.635,A,0.025
CONDUIT_LOCATION,Top / Exit: Bottom,,D,Entry Top / Exit: Bottom
COMPR_FRAME,add_TBD,,Q,
COOLER_FOULING_FACTOR,0.01761,,0.0001,
REFRIG_TYPE,R-134A,,R134A,
CONDENSER_FOULING_FACTOR,0.04403,,0.00025,
COND_NOZZLE_CODE,S,S - 2 Passes, Nozzles on Suction End,S,Nozzles on Suction End
CHILLER_DESIGN,185,,add_TBD,
COND_WALL_THICK,A,0.635,A,0.025
COOL_WB_PRESS,1034,,150,Psi
ECAT_VERSION,4.95 Beta 8_R190,,4.96,
CHILLER_MODULE,add_TBD,,23XRV,
FRAME_LENGTH,add_TBD,,12,
COND_WB_PRESS,1034,,150,Psi
COOL_NOZZLE_CODE,D,D - 2 Passes, Nozzles on Suction End,D,Nozzles on Suction End
ENVELOPE_STABILITY_CONTROL,Not Installed,,1,Not Installed
There is no file1 in file2
CHILLER_TONS_NUM,300,
COOL_NOZZLE_ARRANGE,A,Non-Flanged Nozzle
CHILLER_APPLICATION,add_TBD,
FACTORY_TEST,N,
SACR,add_TBD,
CONDENSER_PERCENT_CONC,0.00,
CAPACITOR_SIZE,add_TBD,
FLSW,add_TBD,
DLSR,add_TBD,
STARTER,VFD - Unit Mounted (Active Rectifier),
DIST,add_TBD,
COOLER_PERCENT_CONC,0.00,
SENSOR_PKG,0,
UNITS_OF_MEASUREMENT,M,
ISOL,add_TBD,
COND_NOZZLE_ARRANGE,A,Non-Flanged Nozzle
AGLT,add_TBD,
WASH,add_TBD,
STARTER_OPTION,VFD - Unit Mounted (Active Rectifier),
STARTING_EQUIPMENT,G,
There is no file2 in file1
COOL_FLUID_FREEZE_TEMP,0.22 _C,
COOLER_FOULING_ADJUSTMENT_2,0.14,
COOLER_FOULING_ADJUSTMENT_3,0.10,
CONDENSER_PRESSURE_DROP_3,93.69,
COOLER_FOULING_ADJUSTMENT_4,0.05,
CONDENSER_PRESSURE_DROP_4,93.93,
FLASC_TEMP,34.16,
COMP_DISCH_TEMP_2,35.60,
COOLER_REFRIGERANT_TEMP_3,6.66,
COOLER_PRESSURE_DROP_4,87.41,
MIN_CIRCUIT_AMPACITY,356,
CHILLER_LENGTH,165,
COOLER_REFRIGERANT_TEMP_2,6.50,
PERCENT_LOAD,100.00,
COOLER_REFRIGERANT_TEMP_4,6.81,
COOLER_CAPACITY_4,264,
SHIPPING_WEIGHT,15079,
COOLER_REFRIGERANT_TEMP,6.35,
COOLER_PRESSURE_DROP_2,86.76,
INPUT_KW_PER_TON_2,0.120,
COOL_TUBE_VELOCITY,2.29,
COOLER_WALL_TEMP_3,6.84,
PERCENT_LOAD_3,50.00,
VFD_MAXIMUM_SPEED,89.2,
ISOLATION_VALVES,0,
COP,5.908,
COOL_TUBE_VELOCITY_3,2.29,
PERCENT_LOAD_4,25.00,
MOTOR_NAME_PLATE_KW,240,
COND_TUBE_VELOCITY_3,2.68,
COMP_DISCH_SUPERHEAT_4,-12.68,
COP_2,8.313,
CONDENSER_INSIDE_SURFACE,769.1,
MOTOR_NAMEPLATE_VOLTAGE,480,
COP_3,11.407,
COOLER_FLOW_3,50.4,
COOLER_FLOW_2,50.4,
COP_4,10.572,
COOLER_WALL_TEMP_4,6.91,
HEAT_REJECTION,1229,
COOLER_CAPACITY,300,
COOLER_CAPACITY_2,791,
COOLER_CAPACITY_3,528,
MOTOR_RATED_LOAD_KW,174,
COOLER_LWT_2,7.00,
INPUT_KW_PER_TON_3,0.088,
CONDENSING_TEMP_2,29.25,
CHILLER_UTILIZATION_VOLTAGE,360--440V,
COOLER_EWT_3,9.50,
COOLER_WALL_TEMP,6.69,
MOTOR_NAMEPLATE_AMPS,354,
CHILLER_HEIGHT,87,
COMPRESSOR_HERTZ,50,
COOLER_FOULING_ADJUSTMENT,0.19,
COMPRESSOR_VOLTS,380,
COMP_DISCH_TEMP_3,27.05,
PERCENT_LOAD_2,75.00,
INPUT_KW_PER_TON_4,0.095,
OPERATING_WEIGHT,16007,
COMP_DISCH_TEMP_4,25.60,
CONDENSER_FLOW_2,59.2,
MOTOR_NAMEPLATE_RPM,2795,
INPUT_KW_2,95.2,
ECONOMIZER,0,
COND_PASS,2,
VFD_PART_NUMBER,23XRA2AA900,
HEAT_REJECTION_2,884,
COND_TUBE_VELOCITY_2,2.68,
COOL_TUBE_VELOCITY_4,2.29,
COOLER_EWT_4,8.25,
CHILLER_RLA_4,49,
CHILLER_RLA_3,80,
CHILLER_RLA_2,156,
MOTOR_RLA_2,222.0,
MOTOR_RLA_3,171.9,
COMP_DISCH_TEMP,45.35,
MOTOR_RLA_4,177.2,
CONDENSER_REFRIGERANT_TEMP,98.87,
RATED_LINE_KW,179,
COOLER_LWT_4,7.00,
COND_FOULING_ADJUSTMENT,0.66,
VFD_MAXIMUM_SPEED_4,24.5,
VFD_MAXIMUM_SPEED_3,42.4,
VFD_MAXIMUM_SPEED_2,64.3,
COOLER_EWT_2,10.74,
CONTROL_TYPE,S,ICVC
CONDENSER_LWT_3,21.32,
CONDENSER_LWT_2,28.10,
CONDENSER_LWT_4,20.16,
INPUT_KW_4,24.9,
CHILL_INRUSH_AMPS,285,
CONDENSING_TEMP_3,21.90,
INPUT_KW_PER_TON,0.169,
FLASC_TEMP_3,20.91,
COMP_DISCH_SUPERHEAT_3,-12.92,
INPUT_KW_3,46.2,
CHILLER_WIDTH,76,
COMPRESSOR_100_SPEED_HZ,94,
FLASC_TEMP_2,27.37,
COND_TUBE_VELOCITY_4,2.68,
CONDENSER_FLOW_3,59.2,
HEAT_REJECTION_4,286,
CONDENSER_PRESSURE_DROP_2,91.25,
HEAT_REJECTION_3,570,
CONDENSER_FLOW_4,59.2,
COND_FOULING_ADJUSTMENT_3,0.27,
COMPRESSOR_PHASE,3,
COOL_TUBE_VELOCITY_2,2.29,
MAX_FUSE_CIRCUIT_BREAKER,600,
HGBP,1,
COND_FOULING_ADJUSTMENT_4,0.13,
COND_FOULING_ADJUSTMENT_2,0.44,
COMP_DISCH_SUPERHEAT,-10.24,
COND_TUBE_VELOCITY,2.68,
CONDENSING_TEMP,37.15,
COOLER_PRESSURE_DROP_3,87.08,
CONDENSER_EWT_2,24.50,
CONDENSER_EWT_3,19.00,
RATED_LINE_VOLTAGE,380,
COOLER_FLOW_4,50.4,
CONDENSER_EWT_4,19.00,
FLASC_TEMP_4,19.49,
COOLER_WALL_TEMP_2,6.76,
COOLER_LWT_3,7.00,
COMP_DISCH_SUPERHEAT_2,-11.92,
CONDENSING_TEMP_4,20.42,
