﻿CHARC,VALUE,VALUE_TEXT,VALUE,VALUE_TEXT
The data in A and B is not the same
MOTOR_RLA_6,430,,429.9,
MOTOR_RLA_2,585,,584.7,
MOTOR_RLA_3,550,,549.9,
MOTOR_RLA_7,381,,381.4,
MOTOR_RLA_4,509,,508.5,
MOTOR_RLA_5,472,,472.0,
MOTOR_RLA_8,375,,374.6,
INPUT_KW_7,198,,197.8,
CONTROL_TYPE,S,S,A,PIC5
INPUT_KW_4,281,,280.7,
COMPR_FRAME,add_TBD,,4,
CHILLER_CAPACITY,2110.,,2,110.,
INPUT_KW_3,308,,307.9,
COND_NOZZLE_CODE,R,R - 2 Passes, Nozzles on Drive End,R,Nozzles on Drive End
CONDUIT_LOCATION,add_TBD,,D,Entry Top / Exit: Bottom
COND_WB_PRESS,150,,150,Psi
INPUT_KW_8,192,,192.4,
INPUT_KW_2,330,,330.3,
COOL_WB_PRESS,150,,150,Psi
CHILLER_MODULE,add_TBD,,19XR4,
INPUT_KW_6,229,,228.8,
ENVELOPE_STABILITY_CONTROL,add_TBD,,1,Not Installed
FRAME_LENGTH,add_TBD,,12,
COOL_NOZZLE_CODE,C,C - 2 Passes, Nozzles on Drive End,C,Nozzles on Drive End
INPUT_KW_5,256,,256.1,
OPERATION_TYPE,add_TBD,,Cooling,
ECAT_VERSION,4.95 Beta 8_R190,,4.96,
There is no file1 in file2
COND_REYNOLD_NUM_4,0,
COOL_REYNOLD_NUM_2,0,
COND_REYNOLD_NUM_6,0,
CAPACITOR_SIZE,add_TBD,
COOL_REYNOLD_NUM_7,0,
ARI_TEST_TOLERANCE_6,0.00,
MOTOR_INRUSH_AMPS_2,0,
COOL_REYNOLD_NUM_3,0,
COND_REYNOLD_NUM_7,0,
ARI_TEST_TOLERANCE_8,0.00,
ARI_TEST_TOLERANCE_5,0.00,
ISOL,add_TBD,
COND_REYNOLD_NUM_3,0,
ARI_TEST_TOLERANCE_4,0.00,
SENSOR_PKG,0,
STARTER_TYPE,A,
COOL_REYNOLD_NUM_4,0,
MOTOR_INRUSH_AMPS_3,0,
SACR,add_TBD,
COOL_REYNOLD_NUM_8,0,
COND_REYNOLD_NUM_8,0,
DIST,add_TBD,
STARTER_OPTION,add_TBD,
COOL_REYNOLD_NUM_5,0,
MOTOR_INRUSH_AMPS_8,0,
FLSW,add_TBD,
STARTING_EQUIPMENT,A,Starter - Freestanding
MOTOR_INRUSH_AMPS_4,0,
MOTOR_INRUSH_AMPS_5,0,
MOTOR_INRUSH_AMPS_6,0,
MOTOR_INRUSH_AMPS_7,0,
AGLT,add_TBD,
FACTORY_TEST,N,
WASH,add_TBD,
ARI_TEST_TOLERANCE_3,0.00,
STARTER,add_TBD,
COND_REYNOLD_NUM_2,0,
COOL_REYNOLD_NUM_6,0,
ARI_TEST_TOLERANCE_7,0.00,
ARI_TEST_TOLERANCE_2,0.00,
COND_REYNOLD_NUM_5,0,
DLSR,add_TBD,
There is no file2 in file1
ECONOMIZER,0,
